timestamp,symbol,bid,ask,bid_qty,ask_qty,bid1,bid_qty1,ask1,ask_qty1
2025-02-03T09:15:00+05:30,DEMO.NS,999.95,1000.05,10,10,999.9,20,1000.1,20
2025-02-03T09:15:01+05:30,DEMO.NS,1001.61,1001.71,10,10,1001.56,20,1001.76,20
2025-02-03T09:15:02+05:30,DEMO.NS,1003.22,1003.32,10,10,1003.17,20,1003.37,20
2025-02-03T09:15:03+05:30,DEMO.NS,1004.74,1004.84,10,10,1004.69,20,1004.89,20
2025-02-03T09:15:04+05:30,DEMO.NS,1006.13,1006.23,10,10,1006.08,20,1006.28,20
2025-02-03T09:15:05+05:30,DEMO.NS,1007.35,1007.45,10,10,1007.3,20,1007.5,20
2025-02-03T09:15:06+05:30,DEMO.NS,1008.36,1008.46,10,10,1008.31,20,1008.51,20
2025-02-03T09:15:07+05:30,DEMO.NS,1009.14,1009.24,10,10,1009.09,20,1009.29,20
2025-02-03T09:15:08+05:30,DEMO.NS,1009.67,1009.77,10,10,1009.62,20,1009.82,20
2025-02-03T09:15:09+05:30,DEMO.NS,1009.92,1010.02,10,10,1009.87,20,1010.07,20
2025-02-03T09:15:10+05:30,DEMO.NS,1009.9,1010.0,10,10,1009.85,20,1010.05,20
2025-02-03T09:15:11+05:30,DEMO.NS,1009.61,1009.71,10,10,1009.56,20,1009.76,20
2025-02-03T09:15:12+05:30,DEMO.NS,1009.04,1009.14,10,10,1008.99,20,1009.19,20
2025-02-03T09:15:13+05:30,DEMO.NS,1008.23,1008.33,10,10,1008.18,20,1008.38,20
2025-02-03T09:15:14+05:30,DEMO.NS,1007.18,1007.28,10,10,1007.13,20,1007.33,20
2025-02-03T09:15:15+05:30,DEMO.NS,1005.93,1006.03,10,10,1005.88,20,1006.08,20
2025-02-03T09:15:16+05:30,DEMO.NS,1004.52,1004.62,10,10,1004.47,20,1004.67,20
2025-02-03T09:15:17+05:30,DEMO.NS,1002.98,1003.08,10,10,1002.93,20,1003.13,20
2025-02-03T09:15:18+05:30,DEMO.NS,1001.36,1001.46,10,10,1001.31,20,1001.51,20
2025-02-03T09:15:19+05:30,DEMO.NS,999.7,999.8,10,10,999.65,20,999.85,20
2025-02-03T09:15:20+05:30,DEMO.NS,998.04,998.14,10,10,997.99,20,998.19,20
2025-02-03T09:15:21+05:30,DEMO.NS,996.44,996.54,10,10,996.39,20,996.59,20
2025-02-03T09:15:22+05:30,DEMO.NS,994.94,995.04,10,10,994.89,20,995.09,20
2025-02-03T09:15:23+05:30,DEMO.NS,993.57,993.67,10,10,993.52,20,993.72,20
2025-02-03T09:15:24+05:30,DEMO.NS,992.38,992.48,10,10,992.33,20,992.53,20
2025-02-03T09:15:25+05:30,DEMO.NS,991.4,991.5,10,10,991.35,20,991.55,20
2025-02-03T09:15:26+05:30,DEMO.NS,990.66,990.76,10,10,990.61,20,990.81,20
2025-02-03T09:15:27+05:30,DEMO.NS,990.17,990.27,10,10,990.12,20,990.32,20
2025-02-03T09:15:28+05:30,DEMO.NS,989.96,990.06,10,10,989.91,20,990.11,20
2025-02-03T09:15:29+05:30,DEMO.NS,990.02,990.12,10,10,989.97,20,990.17,20
2025-02-03T09:15:30+05:30,DEMO.NS,990.36,990.46,10,10,990.31,20,990.51,20
2025-02-03T09:15:31+05:30,DEMO.NS,990.96,991.06,10,10,990.91,20,991.11,20
2025-02-03T09:15:32+05:30,DEMO.NS,991.82,991.92,10,10,991.77,20,991.97,20
2025-02-03T09:15:33+05:30,DEMO.NS,992.89,992.99,10,10,992.84,20,993.04,20
2025-02-03T09:15:34+05:30,DEMO.NS,994.17,994.27,10,10,994.12,20,994.32,20
2025-02-03T09:15:35+05:30,DEMO.NS,995.6,995.7,10,10,995.55,20,995.75,20
2025-02-03T09:15:36+05:30,DEMO.NS,997.16,997.26,10,10,997.11,20,997.31,20
2025-02-03T09:15:37+05:30,DEMO.NS,998.79,998.89,10,10,998.74,20,998.94,20
2025-02-03T09:15:38+05:30,DEMO.NS,1000.45,1000.55,10,10,1000.4,20,1000.6,20
2025-02-03T09:15:39+05:30,DEMO.NS,1002.1,1002.2,10,10,1002.05,20,1002.25,20
2025-02-03T09:15:40+05:30,DEMO.NS,1003.69,1003.79,10,10,1003.64,20,1003.84,20
2025-02-03T09:15:41+05:30,DEMO.NS,1005.18,1005.28,10,10,1005.13,20,1005.33,20
2025-02-03T09:15:42+05:30,DEMO.NS,1006.52,1006.62,10,10,1006.47,20,1006.67,20
2025-02-03T09:15:43+05:30,DEMO.NS,1007.68,1007.78,10,10,1007.63,20,1007.83,20
2025-02-03T09:15:44+05:30,DEMO.NS,1008.62,1008.72,10,10,1008.57,20,1008.77,20
2025-02-03T09:15:45+05:30,DEMO.NS,1009.33,1009.43,10,10,1009.28,20,1009.48,20
2025-02-03T09:15:46+05:30,DEMO.NS,1009.78,1009.88,10,10,1009.73,20,1009.93,20
2025-02-03T09:15:47+05:30,DEMO.NS,1009.95,1010.05,10,10,1009.9,20,1010.1,20
2025-02-03T09:15:48+05:30,DEMO.NS,1009.84,1009.94,10,10,1009.79,20,1009.99,20
2025-02-03T09:15:49+05:30,DEMO.NS,1009.47,1009.57,10,10,1009.42,20,1009.62,20
2025-02-03T09:15:50+05:30,DEMO.NS,1008.82,1008.92,10,10,1008.77,20,1008.97,20
2025-02-03T09:15:51+05:30,DEMO.NS,1007.93,1008.03,10,10,1007.88,20,1008.08,20
2025-02-03T09:15:52+05:30,DEMO.NS,1006.83,1006.93,10,10,1006.78,20,1006.98,20
2025-02-03T09:15:53+05:30,DEMO.NS,1005.53,1005.63,10,10,1005.48,20,1005.68,20
2025-02-03T09:15:54+05:30,DEMO.NS,1004.07,1004.17,10,10,1004.02,20,1004.22,20
2025-02-03T09:15:55+05:30,DEMO.NS,1002.5,1002.6,10,10,1002.45,20,1002.65,20
2025-02-03T09:15:56+05:30,DEMO.NS,1000.86,1000.96,10,10,1000.81,20,1001.01,20
2025-02-03T09:15:57+05:30,DEMO.NS,999.2,999.3,10,10,999.15,20,999.35,20
2025-02-03T09:15:58+05:30,DEMO.NS,997.55,997.65,10,10,997.5,20,997.7,20
2025-02-03T09:15:59+05:30,DEMO.NS,995.98,996.08,10,10,995.93,20,996.13,20
2025-02-03T09:16:00+05:30,DEMO.NS,994.51,994.61,10,10,994.46,20,994.66,20
2025-02-03T09:16:01+05:30,DEMO.NS,993.19,993.29,10,10,993.14,20,993.34,20
2025-02-03T09:16:02+05:30,DEMO.NS,992.06,992.16,10,10,992.01,20,992.21,20
2025-02-03T09:16:03+05:30,DEMO.NS,991.15,991.25,10,10,991.1,20,991.3,20
2025-02-03T09:16:04+05:30,DEMO.NS,990.49,990.59,10,10,990.44,20,990.64,20
2025-02-03T09:16:05+05:30,DEMO.NS,990.08,990.18,10,10,990.03,20,990.23,20
2025-02-03T09:16:06+05:30,DEMO.NS,989.95,990.05,10,10,989.9,20,990.1,20
2025-02-03T09:16:07+05:30,DEMO.NS,990.1,990.2,10,10,990.05,20,990.25,20
2025-02-03T09:16:08+05:30,DEMO.NS,990.52,990.62,10,10,990.47,20,990.67,20
2025-02-03T09:16:09+05:30,DEMO.NS,991.2,991.3,10,10,991.15,20,991.35,20
2025-02-03T09:16:10+05:30,DEMO.NS,992.12,992.22,10,10,992.07,20,992.27,20
2025-02-03T09:16:11+05:30,DEMO.NS,993.26,993.36,10,10,993.21,20,993.41,20
2025-02-03T09:16:12+05:30,DEMO.NS,994.58,994.68,10,10,994.53,20,994.73,20
2025-02-03T09:16:13+05:30,DEMO.NS,996.06,996.16,10,10,996.01,20,996.21,20
2025-02-03T09:16:14+05:30,DEMO.NS,997.64,997.74,10,10,997.59,20,997.79,20
2025-02-03T09:16:15+05:30,DEMO.NS,999.29,999.39,10,10,999.24,20,999.44,20
2025-02-03T09:16:16+05:30,DEMO.NS,1000.95,1001.05,10,10,1000.9,20,1001.1,20
2025-02-03T09:16:17+05:30,DEMO.NS,1002.59,1002.69,10,10,1002.54,20,1002.74,20
2025-02-03T09:16:18+05:30,DEMO.NS,1004.15,1004.25,10,10,1004.1,20,1004.3,20
2025-02-03T09:16:19+05:30,DEMO.NS,1005.6,1005.7,10,10,1005.55,20,1005.75,20
