timestamp,symbol,open,high,low,close,volume
2025-01-01,DEMO.NS,1000.84,1010.1,995.84,1005.1,86048
2025-01-01,SAMPLE.BO,835.75,842.26,830.75,837.26,63434
2025-01-02,DEMO.NS,1009.21,1023.13,1004.21,1018.13,61395
2025-01-02,SAMPLE.BO,840.16,845.16,832.37,837.37,62280
2025-01-03,DEMO.NS,1014.29,1028.02,1009.29,1023.02,53478
2025-01-03,SAMPLE.BO,840.75,845.75,835.65,840.65,141924
2025-01-06,DEMO.NS,1023.46,1032.62,1018.46,1027.62,127236
2025-01-06,SAMPLE.BO,838.22,844.19,833.22,839.19,149458
2025-01-07,DEMO.NS,1031.33,1040.65,1026.33,1035.65,94597
2025-01-07,SAMPLE.BO,835.84,840.84,826.43,831.43,94118
2025-01-08,DEMO.NS,1032.27,1042.56,1027.27,1037.56,97052
2025-01-08,SAMPLE.BO,835.42,840.42,823.64,828.64,55695
2025-01-09,DEMO.NS,1039.86,1045.84,1034.86,1040.84,99615
2025-01-09,SAMPLE.BO,825.69,830.69,815.58,820.58,132397
2025-01-10,DEMO.NS,1041.53,1048.55,1036.53,1043.55,125674
2025-01-10,SAMPLE.BO,820.17,825.17,807.22,812.22,136673
2025-01-13,DEMO.NS,1039.95,1044.95,1034.29,1039.29,60458
2025-01-13,SAMPLE.BO,817.13,822.13,804.44,809.44,99823
2025-01-14,DEMO.NS,1039.42,1044.42,1033.99,1038.99,97819
2025-01-14,SAMPLE.BO,805.42,810.42,793.6,798.6,137841
2025-01-15,DEMO.NS,1036.97,1041.97,1031.96,1036.96,134939
2025-01-15,SAMPLE.BO,797.09,802.09,787.59,792.59,120010
2025-01-16,DEMO.NS,1035.91,1040.91,1022.2,1027.2,99735
2025-01-16,SAMPLE.BO,790.6,795.6,782.05,787.05,140198
2025-01-17,DEMO.NS,1029.76,1034.76,1019.13,1024.13,57331
2025-01-17,SAMPLE.BO,783.07,788.07,770.12,775.12,91347
2025-01-20,DEMO.NS,1022.63,1027.63,1008.4,1013.4,124341
2025-01-20,SAMPLE.BO,780.38,785.38,766.22,771.22,135909
2025-01-21,DEMO.NS,1016.19,1021.19,1005.75,1010.75,134259
2025-01-21,SAMPLE.BO,772.28,777.28,761.53,766.53,82325
2025-01-22,DEMO.NS,1010.11,1015.11,995.9,1000.9,147912
2025-01-22,SAMPLE.BO,768.64,773.64,762.32,767.32,102350
2025-01-23,DEMO.NS,1000.04,1005.04,990.96,995.96,68131
2025-01-23,SAMPLE.BO,765.19,770.19,756.0,761.0,56175
2025-01-24,DEMO.NS,995.34,1000.34,978.62,983.62,70969
2025-01-24,SAMPLE.BO,765.4,770.4,758.09,763.09,58326
2025-01-27,DEMO.NS,985.21,990.21,974.7,979.7,111348
2025-01-27,SAMPLE.BO,763.93,773.07,758.93,768.07,51504
2025-01-28,DEMO.NS,980.41,985.41,966.22,971.22,120381
2025-01-28,SAMPLE.BO,766.95,775.07,761.95,770.07,94587
2025-01-29,DEMO.NS,971.4,976.4,963.75,968.75,109470
2025-01-29,SAMPLE.BO,765.68,779.42,760.68,774.42,144329
2025-01-30,DEMO.NS,967.92,972.92,961.14,966.14,73416
2025-01-30,SAMPLE.BO,773.34,781.59,768.34,776.59,131959
2025-01-31,DEMO.NS,965.13,970.49,960.13,965.49,129818
2025-01-31,SAMPLE.BO,777.34,790.06,772.34,785.06,71174
2025-02-03,DEMO.NS,965.09,971.43,960.09,966.43,119514
2025-02-03,SAMPLE.BO,788.53,799.02,783.53,794.02,114042
2025-02-04,DEMO.NS,962.07,974.02,957.07,969.02,90306
2025-02-04,SAMPLE.BO,792.06,804.92,787.06,799.92,124364
2025-02-05,DEMO.NS,969.32,974.32,962.18,967.18,113699
2025-02-05,SAMPLE.BO,803.57,817.53,798.57,812.53,119822
2025-02-06,DEMO.NS,971.46,977.06,966.46,972.06,112296
2025-02-06,SAMPLE.BO,812.54,820.65,807.54,815.65,119163
2025-02-07,DEMO.NS,976.72,984.69,971.72,979.69,77760
2025-02-07,SAMPLE.BO,820.44,831.7,815.44,826.7,140422
2025-02-10,DEMO.NS,978.56,990.89,973.56,985.89,138039
2025-02-10,SAMPLE.BO,826.26,836.51,821.26,831.51,117839
2025-02-11,DEMO.NS,986.92,998.11,981.92,993.11,58392
2025-02-11,SAMPLE.BO,831.11,843.08,826.11,838.08,80161
2025-02-12,DEMO.NS,995.35,1004.72,990.35,999.72,142778
2025-02-12,SAMPLE.BO,838.53,845.32,833.53,840.32,54117
2025-02-13,DEMO.NS,1005.03,1013.29,1000.03,1008.29,81195
2025-02-13,SAMPLE.BO,840.82,849.83,835.82,844.83,120678
2025-02-14,DEMO.NS,1008.86,1026.47,1003.86,1021.47,124847
2025-02-14,SAMPLE.BO,845.57,850.57,839.8,844.8,111993
2025-02-17,DEMO.NS,1020.91,1029.51,1015.91,1024.51,62704
2025-02-17,SAMPLE.BO,847.5,852.5,840.3,845.3,103883
2025-02-18,DEMO.NS,1026.37,1039.45,1021.37,1034.45,138259
2025-02-18,SAMPLE.BO,847.3,852.3,840.31,845.31,57944
2025-02-19,DEMO.NS,1032.7,1042.78,1027.7,1037.78,64322
2025-02-19,SAMPLE.BO,843.12,848.12,834.33,839.33,108800
2025-02-20,DEMO.NS,1036.79,1046.25,1031.79,1041.25,110637
2025-02-20,SAMPLE.BO,839.88,844.88,834.12,839.12,108082
2025-02-21,DEMO.NS,1045.2,1053.25,1040.2,1048.25,62833
2025-02-21,SAMPLE.BO,834.08,839.08,828.79,833.79,51934
2025-02-24,DEMO.NS,1049.13,1055.1,1044.13,1050.1,80982
2025-02-24,SAMPLE.BO,828.99,833.99,819.0,824.0,78016
2025-02-25,DEMO.NS,1049.93,1054.93,1044.79,1049.79,71579
2025-02-25,SAMPLE.BO,823.56,828.56,814.63,819.63,84760
2025-02-26,DEMO.NS,1050.13,1055.13,1042.34,1047.34,87388
2025-02-26,SAMPLE.BO,816.45,821.45,806.73,811.73,122845
2025-02-27,DEMO.NS,1046.8,1051.8,1037.3,1042.3,74890
2025-02-27,SAMPLE.BO,807.97,812.97,799.04,804.04,125914
2025-02-28,DEMO.NS,1044.0,1049.0,1030.14,1035.14,91104
2025-02-28,SAMPLE.BO,798.77,803.77,789.25,794.25,115909
2025-03-03,DEMO.NS,1040.49,1045.49,1027.18,1032.18,57455
2025-03-03,SAMPLE.BO,796.71,801.71,779.32,784.32,74356
2025-03-04,DEMO.NS,1029.61,1034.61,1017.69,1022.69,80828
2025-03-04,SAMPLE.BO,786.46,791.46,778.45,783.45,124668
2025-03-05,DEMO.NS,1023.96,1028.96,1013.48,1018.48,131183
2025-03-05,SAMPLE.BO,778.5,783.5,771.83,776.83,124085
2025-03-06,DEMO.NS,1018.25,1023.25,1007.8,1012.8,76772
2025-03-06,SAMPLE.BO,777.11,782.11,766.17,771.17,84814
2025-03-07,DEMO.NS,1009.77,1014.77,998.46,1003.46,89321
2025-03-07,SAMPLE.BO,772.23,777.74,767.23,772.74,59508
2025-03-10,DEMO.NS,999.68,1004.68,990.67,995.67,123792
2025-03-10,SAMPLE.BO,773.34,778.34,762.04,767.04,77938
2025-03-11,DEMO.NS,995.18,1000.18,980.83,985.83,95745
2025-03-11,SAMPLE.BO,772.09,777.91,767.09,772.91,98434
2025-03-12,DEMO.NS,986.95,991.95,976.63,981.63,121200
2025-03-12,SAMPLE.BO,772.05,778.9,767.05,773.9,135717
2025-03-13,DEMO.NS,982.38,987.38,973.09,978.09,122692
2025-03-13,SAMPLE.BO,772.22,783.27,767.22,778.27,67601
2025-03-14,DEMO.NS,975.87,980.87,970.83,975.83,147310
2025-03-14,SAMPLE.BO,777.81,786.29,772.81,781.29,129276
2025-03-17,DEMO.NS,971.95,976.95,965.42,970.42,140111
2025-03-17,SAMPLE.BO,783.66,792.72,778.66,787.72,114032
2025-03-18,DEMO.NS,970.07,978.25,965.07,973.25,56658
2025-03-18,SAMPLE.BO,786.89,801.01,781.89,796.01,86265
2025-03-19,DEMO.NS,968.26,975.83,963.26,970.83,67146
2025-03-19,SAMPLE.BO,797.49,807.95,792.49,802.95,147154
2025-03-20,DEMO.NS,971.68,980.66,966.68,975.66,123519
2025-03-20,SAMPLE.BO,801.63,815.0,796.63,810.0,140573
2025-03-21,DEMO.NS,977.05,983.76,972.05,978.76,98393
2025-03-21,SAMPLE.BO,813.24,823.55,808.24,818.55,66704
2025-03-24,DEMO.NS,975.94,988.05,970.94,983.05,55229
2025-03-24,SAMPLE.BO,823.25,831.67,818.25,826.67,82706
2025-03-25,DEMO.NS,985.06,994.46,980.06,989.46,123385
2025-03-25,SAMPLE.BO,830.91,839.92,825.91,834.92,131351
2025-03-26,DEMO.NS,992.03,1005.23,987.03,1000.23,81029
2025-03-26,SAMPLE.BO,837.87,849.47,832.87,844.47,73206
2025-03-27,DEMO.NS,1000.16,1007.72,995.16,1002.72,146542
2025-03-27,SAMPLE.BO,844.36,853.26,839.36,848.26,103964
2025-03-28,DEMO.NS,1007.59,1020.93,1002.59,1015.93,82527
2025-03-28,SAMPLE.BO,845.37,856.87,840.37,851.87,64168
2025-03-31,DEMO.NS,1013.24,1024.09,1008.24,1019.09,111694
2025-03-31,SAMPLE.BO,848.68,859.12,843.68,854.12,110332
2025-04-01,DEMO.NS,1021.16,1036.53,1016.16,1031.53,79831
2025-04-01,SAMPLE.BO,850.76,858.68,845.76,853.68,102227
2025-04-02,DEMO.NS,1028.78,1043.87,1023.78,1038.87,86585
2025-04-02,SAMPLE.BO,852.03,857.03,846.68,851.68,139065
2025-04-03,DEMO.NS,1039.77,1048.03,1034.77,1043.03,53617
2025-04-03,SAMPLE.BO,849.52,856.81,844.52,851.81,73405
2025-04-04,DEMO.NS,1043.5,1055.67,1038.5,1050.67,55014
2025-04-04,SAMPLE.BO,846.84,851.84,839.54,844.54,145491
2025-04-07,DEMO.NS,1049.69,1055.97,1044.69,1050.97,117033
2025-04-07,SAMPLE.BO,842.82,847.82,837.01,842.01,74914
2025-04-08,DEMO.NS,1050.08,1059.68,1045.08,1054.68,50221
2025-04-08,SAMPLE.BO,839.93,844.93,830.1,835.1,140027
2025-04-09,DEMO.NS,1054.94,1060.37,1049.94,1055.37,137900
2025-04-09,SAMPLE.BO,831.64,836.64,820.71,825.71,137062
2025-04-10,DEMO.NS,1056.65,1061.65,1048.57,1053.57,136951
2025-04-10,SAMPLE.BO,828.41,833.41,814.83,819.83,89363
2025-04-11,DEMO.NS,1053.07,1058.07,1046.19,1051.19,92753
2025-04-11,SAMPLE.BO,818.12,823.12,804.5,809.5,66683
2025-04-14,DEMO.NS,1048.54,1053.54,1042.12,1047.12,99695
2025-04-14,SAMPLE.BO,811.99,816.99,800.5,805.5,130676
2025-04-15,DEMO.NS,1046.74,1051.74,1035.25,1040.25,50053
2025-04-15,SAMPLE.BO,802.11,807.11,789.16,794.16,126019
2025-04-16,DEMO.NS,1041.65,1046.65,1028.39,1033.39,107905
2025-04-16,SAMPLE.BO,795.76,800.76,782.76,787.76,112021
2025-04-17,DEMO.NS,1036.42,1041.42,1025.08,1030.08,146463
2025-04-17,SAMPLE.BO,787.69,792.69,776.57,781.57,117561
2025-04-18,DEMO.NS,1028.51,1033.51,1015.43,1020.43,62240
2025-04-18,SAMPLE.BO,786.18,791.18,776.4,781.4,138184
2025-04-21,DEMO.NS,1018.77,1023.77,1008.76,1013.76,69313
2025-04-21,SAMPLE.BO,777.24,782.24,770.61,775.61,112277
2025-04-22,DEMO.NS,1012.79,1017.79,1000.89,1005.89,109692
2025-04-22,SAMPLE.BO,776.83,781.83,771.7,776.7,75485
2025-04-23,DEMO.NS,1005.79,1010.79,991.41,996.41,102383
2025-04-23,SAMPLE.BO,774.59,782.23,769.59,777.23,50726
2025-04-24,DEMO.NS,999.66,1004.66,987.84,992.84,63970
2025-04-24,SAMPLE.BO,778.16,783.16,771.56,776.56,141214
2025-04-25,DEMO.NS,990.98,995.98,977.57,982.57,82662
2025-04-25,SAMPLE.BO,780.95,785.95,774.44,779.44,67477
2025-04-28,DEMO.NS,987.27,992.27,977.1,982.1,123259
2025-04-28,SAMPLE.BO,782.48,794.26,777.48,789.26,108008
2025-04-29,DEMO.NS,981.97,986.97,974.66,979.66,116162
2025-04-29,SAMPLE.BO,786.32,800.05,781.32,795.05,108446
2025-04-30,DEMO.NS,980.93,985.93,973.59,978.59,112216
2025-04-30,SAMPLE.BO,792.51,806.13,787.51,801.13,133579
2025-05-01,DEMO.NS,975.99,984.16,970.99,979.16,113517
2025-05-01,SAMPLE.BO,800.58,810.97,795.58,805.97,60155
2025-05-02,DEMO.NS,978.97,983.97,972.85,977.85,94020
2025-05-02,SAMPLE.BO,806.44,820.66,801.44,815.66,68136
2025-05-05,DEMO.NS,977.55,987.21,972.55,982.21,70028
2025-05-05,SAMPLE.BO,816.86,825.98,811.86,820.98,103424
2025-05-06,DEMO.NS,982.1,992.56,977.1,987.56,58161
2025-05-06,SAMPLE.BO,822.04,836.05,817.04,831.05,126556
2025-05-07,DEMO.NS,990.64,995.92,985.64,990.92,125456
2025-05-07,SAMPLE.BO,831.01,840.96,826.01,835.96,96105
2025-05-08,DEMO.NS,992.8,1005.16,987.8,1000.16,104921
2025-05-08,SAMPLE.BO,839.35,851.89,834.35,846.89,129069
2025-05-09,DEMO.NS,1003.4,1013.45,998.4,1008.45,85774
2025-05-09,SAMPLE.BO,845.29,853.12,840.29,848.12,94057
2025-05-12,DEMO.NS,1009.73,1023.41,1004.73,1018.41,144919
2025-05-12,SAMPLE.BO,849.14,859.92,844.14,854.92,66728
2025-05-13,DEMO.NS,1019.7,1030.0,1014.7,1025.0,101645
2025-05-13,SAMPLE.BO,855.87,863.81,850.87,858.81,61003
2025-05-14,DEMO.NS,1025.85,1035.55,1020.85,1030.55,110515
2025-05-14,SAMPLE.BO,856.12,862.55,851.12,857.55,92906
2025-05-15,DEMO.NS,1031.2,1044.08,1026.2,1039.08,149775
2025-05-15,SAMPLE.BO,861.47,866.47,852.23,857.23,105255
2025-05-16,DEMO.NS,1038.84,1049.17,1033.84,1044.17,52540
2025-05-16,SAMPLE.BO,860.25,865.25,848.86,853.86,95870
2025-05-19,DEMO.NS,1045.22,1054.56,1040.22,1049.56,135426
2025-05-19,SAMPLE.BO,853.99,858.99,845.25,850.25,82411
2025-05-20,DEMO.NS,1050.54,1058.44,1045.54,1053.44,69973
2025-05-20,SAMPLE.BO,851.7,856.7,843.09,848.09,64993
2025-05-21,DEMO.NS,1056.9,1062.34,1051.9,1057.34,141680
2025-05-21,SAMPLE.BO,846.98,851.98,836.51,841.51,129415
2025-05-22,DEMO.NS,1059.88,1066.68,1054.88,1061.68,65012
2025-05-22,SAMPLE.BO,844.16,849.16,828.43,833.43,90768
2025-05-23,DEMO.NS,1058.04,1063.04,1051.91,1056.91,90888
2025-05-23,SAMPLE.BO,836.1,841.1,825.45,830.45,99192
2025-05-26,DEMO.NS,1059.34,1064.34,1054.04,1059.04,59961
2025-05-26,SAMPLE.BO,828.75,833.75,817.23,822.23,81830
2025-05-27,DEMO.NS,1055.56,1060.9,1050.56,1055.9,139687
2025-05-27,SAMPLE.BO,821.05,826.05,805.23,810.23,124177
2025-05-28,DEMO.NS,1056.16,1061.16,1043.53,1048.53,106148
2025-05-28,SAMPLE.BO,813.68,818.68,797.51,802.51,134874
2025-05-29,DEMO.NS,1048.69,1053.69,1040.59,1045.59,114251
2025-05-29,SAMPLE.BO,802.93,807.93,796.09,801.09,133307
2025-05-30,DEMO.NS,1046.04,1051.04,1031.41,1036.41,70052
2025-05-30,SAMPLE.BO,798.14,803.14,788.86,793.86,135256
2025-06-02,DEMO.NS,1035.47,1040.47,1026.05,1031.05,120539
2025-06-02,SAMPLE.BO,794.31,799.31,782.54,787.54,145817
2025-06-03,DEMO.NS,1029.95,1034.95,1015.38,1020.38,82177
2025-06-03,SAMPLE.BO,789.94,794.94,776.91,781.91,109087
2025-06-04,DEMO.NS,1020.11,1025.11,1008.49,1013.49,129997
2025-06-04,SAMPLE.BO,785.6,790.6,776.54,781.54,114789
2025-06-05,DEMO.NS,1016.01,1021.01,999.39,1004.39,77802
2025-06-05,SAMPLE.BO,781.85,786.85,775.78,780.78,86655
2025-06-06,DEMO.NS,1008.78,1013.78,995.73,1000.73,86211
2025-06-06,SAMPLE.BO,782.76,788.63,777.76,783.63,75042
2025-06-09,DEMO.NS,997.24,1002.24,989.98,994.98,114038
2025-06-09,SAMPLE.BO,784.06,789.82,779.06,784.82,112402
2025-06-10,DEMO.NS,994.74,999.74,983.9,988.9,52260
2025-06-10,SAMPLE.BO,784.14,794.0,779.14,789.0,140673
2025-06-11,DEMO.NS,987.61,992.61,981.58,986.58,98368
2025-06-11,SAMPLE.BO,790.71,801.43,785.71,796.43,105771
2025-06-12,DEMO.NS,988.77,993.77,979.03,984.03,96112
2025-06-12,SAMPLE.BO,797.66,806.51,792.66,801.51,82951
2025-06-13,DEMO.NS,982.31,989.76,977.31,984.76,91359
2025-06-13,SAMPLE.BO,800.8,815.55,795.8,810.55,149901
2025-06-16,DEMO.NS,984.77,989.77,977.88,982.88,146810
2025-06-16,SAMPLE.BO,810.44,824.65,805.44,819.65,149641
2025-06-17,DEMO.NS,985.08,991.27,980.08,986.27,63176
2025-06-17,SAMPLE.BO,820.5,830.27,815.5,825.27,97301
2025-06-18,DEMO.NS,985.85,993.95,980.85,988.95,120010
2025-06-18,SAMPLE.BO,824.45,836.84,819.45,831.84,57146
2025-06-19,DEMO.NS,992.39,1003.63,987.39,998.63,66551
2025-06-19,SAMPLE.BO,835.59,848.73,830.59,843.73,63446
2025-06-20,DEMO.NS,999.88,1009.53,994.88,1004.53,111524
2025-06-20,SAMPLE.BO,842.29,853.2,837.29,848.2,56734
2025-06-23,DEMO.NS,1002.8,1018.7,997.8,1013.7,64953
2025-06-23,SAMPLE.BO,851.29,859.51,846.29,854.51,59710
2025-06-24,DEMO.NS,1012.2,1025.62,1007.2,1020.62,69887
2025-06-24,SAMPLE.BO,853.2,865.21,848.2,860.21,89824
2025-06-25,DEMO.NS,1017.22,1031.18,1012.22,1026.18,123147
2025-06-25,SAMPLE.BO,861.62,868.81,856.62,863.81,131057
2025-06-26,DEMO.NS,1026.24,1040.9,1021.24,1035.9,109049
2025-06-26,SAMPLE.BO,865.82,870.82,858.77,863.77,127139
2025-06-27,DEMO.NS,1038.9,1047.25,1033.9,1042.25,131399
2025-06-27,SAMPLE.BO,862.55,872.97,857.55,867.97,63006
2025-06-30,DEMO.NS,1046.3,1053.6,1041.3,1048.6,77659
2025-06-30,SAMPLE.BO,864.0,869.0,856.34,861.34,81439
